Position,Date,Time,Ch1_Value,Ch1_Unit,extechtemp-B,Ch2_unit,extechco2-B,Ch3_unit,DateTime
2,10-11-15,21:05:59,54.3,       %RH,23.8,  DEGREE C,550,       PPM,2020-11-10T21:05:59
3,10-11-15,21:10:58,53.7,       %RH,23.9,  DEGREE C,594,       PPM,2020-11-10T21:10:58
4,10-11-15,21:15:58,53.5,       %RH,23.9,  DEGREE C,594,       PPM,2020-11-10T21:15:58
5,10-11-15,21:20:58,53.2,       %RH,23.9,  DEGREE C,597,       PPM,2020-11-10T21:20:58
6,10-11-15,21:25:58,53.9,       %RH,23.9,  DEGREE C,592,       PPM,2020-11-10T21:25:58
7,10-11-15,21:30:58,53.9,       %RH,23.9,  DEGREE C,558,       PPM,2020-11-10T21:30:58
8,10-11-15,21:35:58,53.9,       %RH,23.8,  DEGREE C,546,       PPM,2020-11-10T21:35:58
9,10-11-15,21:40:58,54,       %RH,23.8,  DEGREE C,577,       PPM,2020-11-10T21:40:58
10,10-11-15,21:45:58,54,       %RH,23.7,  DEGREE C,545,       PPM,2020-11-10T21:45:58
11,10-11-15,21:50:58,54.2,       %RH,23.7,  DEGREE C,584,       PPM,2020-11-10T21:50:58
12,10-11-15,21:55:58,54.3,       %RH,23.7,  DEGREE C,575,       PPM,2020-11-10T21:55:58
13,10-11-15,22:00:58,54.3,       %RH,23.7,  DEGREE C,565,       PPM,2020-11-10T22:00:58
14,10-11-15,22:05:58,54.6,       %RH,23.6,  DEGREE C,576,       PPM,2020-11-10T22:05:58
15,10-11-15,22:10:58,54.7,       %RH,23.6,  DEGREE C,595,       PPM,2020-11-10T22:10:58
16,10-11-15,22:15:58,54.8,       %RH,23.6,  DEGREE C,593,       PPM,2020-11-10T22:15:58
17,10-11-15,22:20:58,55,       %RH,23.5,  DEGREE C,596,       PPM,2020-11-10T22:20:58
18,10-11-15,22:25:58,55,       %RH,23.5,  DEGREE C,625,       PPM,2020-11-10T22:25:58
19,10-11-15,22:30:58,55,       %RH,23.5,  DEGREE C,627,       PPM,2020-11-10T22:30:58
20,10-11-15,22:35:58,55.1,       %RH,23.5,  DEGREE C,591,       PPM,2020-11-10T22:35:58
21,10-11-15,22:40:58,55.3,       %RH,23.5,  DEGREE C,601,       PPM,2020-11-10T22:40:58
22,10-11-15,22:45:58,55.4,       %RH,23.4,  DEGREE C,624,       PPM,2020-11-10T22:45:58
23,10-11-15,22:50:58,55.4,       %RH,23.4,  DEGREE C,635,       PPM,2020-11-10T22:50:58
24,10-11-15,22:55:58,55.5,       %RH,23.4,  DEGREE C,617,       PPM,2020-11-10T22:55:58
25,10-11-15,23:00:58,55.6,       %RH,23.4,  DEGREE C,635,       PPM,2020-11-10T23:00:58
26,10-11-15,23:05:58,55.7,       %RH,23.3,  DEGREE C,638,       PPM,2020-11-10T23:05:58
27,10-11-15,23:10:58,55.8,       %RH,23.3,  DEGREE C,620,       PPM,2020-11-10T23:10:58
28,10-11-15,23:15:58,55.9,       %RH,23.3,  DEGREE C,620,       PPM,2020-11-10T23:15:58
29,10-11-15,23:20:58,56,       %RH,23.3,  DEGREE C,644,       PPM,2020-11-10T23:20:58
30,10-11-15,23:25:58,56,       %RH,23.3,  DEGREE C,647,       PPM,2020-11-10T23:25:58
31,10-11-15,23:30:58,56,       %RH,23.2,  DEGREE C,664,       PPM,2020-11-10T23:30:58
32,10-11-15,23:35:58,56,       %RH,23.2,  DEGREE C,655,       PPM,2020-11-10T23:35:58
33,10-11-15,23:40:58,56.1,       %RH,23.1,  DEGREE C,637,       PPM,2020-11-10T23:40:58
34,10-11-15,23:45:58,56.1,       %RH,23.1,  DEGREE C,646,       PPM,2020-11-10T23:45:58
35,10-11-15,23:50:58,56.2,       %RH,23.1,  DEGREE C,644,       PPM,2020-11-10T23:50:58
36,10-11-15,23:55:58,56.3,       %RH,23,  DEGREE C,645,       PPM,2020-11-10T23:55:58
37,11-11-15,00:00:58,56.4,       %RH,23,  DEGREE C,626,       PPM,2020-11-11T00:00:58
38,11-11-15,00:05:58,56.3,       %RH,23,  DEGREE C,622,       PPM,2020-11-11T00:05:58
39,11-11-15,00:10:58,56.6,       %RH,23,  DEGREE C,646,       PPM,2020-11-11T00:10:58
40,11-11-15,00:15:58,56.5,       %RH,23,  DEGREE C,630,       PPM,2020-11-11T00:15:58
41,11-11-15,00:20:58,56.6,       %RH,23,  DEGREE C,682,       PPM,2020-11-11T00:20:58
42,11-11-15,00:25:58,56.6,       %RH,22.9,  DEGREE C,647,       PPM,2020-11-11T00:25:58
43,11-11-15,00:30:58,56.7,       %RH,22.9,  DEGREE C,655,       PPM,2020-11-11T00:30:58
44,11-11-15,00:35:58,56.6,       %RH,22.8,  DEGREE C,658,       PPM,2020-11-11T00:35:58
45,11-11-15,00:40:58,56.7,       %RH,22.8,  DEGREE C,637,       PPM,2020-11-11T00:40:58
46,11-11-15,00:45:58,56.7,       %RH,22.8,  DEGREE C,643,       PPM,2020-11-11T00:45:58
47,11-11-15,00:50:58,56.8,       %RH,22.7,  DEGREE C,660,       PPM,2020-11-11T00:50:58
48,11-11-15,00:55:58,56.9,       %RH,22.7,  DEGREE C,653,       PPM,2020-11-11T00:55:58
49,11-11-15,01:00:58,56.8,       %RH,22.7,  DEGREE C,647,       PPM,2020-11-11T01:00:58
50,11-11-15,01:05:58,56.9,       %RH,22.7,  DEGREE C,637,       PPM,2020-11-11T01:05:58
51,11-11-15,01:10:58,56.9,       %RH,22.6,  DEGREE C,635,       PPM,2020-11-11T01:10:58
52,11-11-15,01:15:58,57,       %RH,22.6,  DEGREE C,660,       PPM,2020-11-11T01:15:58
53,11-11-15,01:20:58,57,       %RH,22.6,  DEGREE C,642,       PPM,2020-11-11T01:20:58
54,11-11-15,01:25:58,57.1,       %RH,22.6,  DEGREE C,637,       PPM,2020-11-11T01:25:58
55,11-11-15,01:30:58,57.2,       %RH,22.5,  DEGREE C,640,       PPM,2020-11-11T01:30:58
56,11-11-15,01:35:58,57.1,       %RH,22.5,  DEGREE C,634,       PPM,2020-11-11T01:35:58
57,11-11-15,01:40:58,57.3,       %RH,22.5,  DEGREE C,653,       PPM,2020-11-11T01:40:58
58,11-11-15,01:45:58,57.2,       %RH,22.5,  DEGREE C,641,       PPM,2020-11-11T01:45:58
59,11-11-15,01:50:58,57.3,       %RH,22.4,  DEGREE C,656,       PPM,2020-11-11T01:50:58
60,11-11-15,01:55:58,57.3,       %RH,22.4,  DEGREE C,636,       PPM,2020-11-11T01:55:58
61,11-11-15,02:00:58,57.4,       %RH,22.4,  DEGREE C,631,       PPM,2020-11-11T02:00:58
62,11-11-15,02:05:58,57.5,       %RH,22.2,  DEGREE C,660,       PPM,2020-11-11T02:05:58
63,11-11-15,02:10:58,57.6,       %RH,22.3,  DEGREE C,654,       PPM,2020-11-11T02:10:58
64,11-11-15,02:15:58,57.5,       %RH,22.3,  DEGREE C,657,       PPM,2020-11-11T02:15:58
65,11-11-15,02:20:58,57.5,       %RH,22.3,  DEGREE C,661,       PPM,2020-11-11T02:20:58
66,11-11-15,02:25:58,57.5,       %RH,22.3,  DEGREE C,638,       PPM,2020-11-11T02:25:58
67,11-11-15,02:30:58,57.8,       %RH,22.2,  DEGREE C,632,       PPM,2020-11-11T02:30:58
68,11-11-15,02:35:58,57.8,       %RH,22.3,  DEGREE C,644,       PPM,2020-11-11T02:35:58
69,11-11-15,02:40:58,57.9,       %RH,22.3,  DEGREE C,646,       PPM,2020-11-11T02:40:58
70,11-11-15,02:45:58,58,       %RH,22.2,  DEGREE C,627,       PPM,2020-11-11T02:45:58
71,11-11-15,02:50:58,57.9,       %RH,22.2,  DEGREE C,642,       PPM,2020-11-11T02:50:58
72,11-11-15,02:55:58,58,       %RH,22.2,  DEGREE C,646,       PPM,2020-11-11T02:55:58
73,11-11-15,03:00:58,57.8,       %RH,22.2,  DEGREE C,634,       PPM,2020-11-11T03:00:58
74,11-11-15,03:05:58,57.7,       %RH,22.2,  DEGREE C,624,       PPM,2020-11-11T03:05:58
75,11-11-15,03:10:58,57.5,       %RH,22.2,  DEGREE C,622,       PPM,2020-11-11T03:10:58
76,11-11-15,03:15:58,57.5,       %RH,22.2,  DEGREE C,627,       PPM,2020-11-11T03:15:58
77,11-11-15,03:20:58,57.6,       %RH,22.2,  DEGREE C,640,       PPM,2020-11-11T03:20:58
78,11-11-15,03:25:58,57.5,       %RH,22.2,  DEGREE C,631,       PPM,2020-11-11T03:25:58
79,11-11-15,03:30:58,57.5,       %RH,22.2,  DEGREE C,632,       PPM,2020-11-11T03:30:58
80,11-11-15,03:35:58,57.6,       %RH,22.2,  DEGREE C,636,       PPM,2020-11-11T03:35:58
81,11-11-15,03:40:58,57.7,       %RH,22.1,  DEGREE C,645,       PPM,2020-11-11T03:40:58
82,11-11-15,03:45:58,57.6,       %RH,22.1,  DEGREE C,621,       PPM,2020-11-11T03:45:58
83,11-11-15,03:50:58,57.6,       %RH,22.1,  DEGREE C,642,       PPM,2020-11-11T03:50:58
84,11-11-15,03:55:58,57.8,       %RH,22.1,  DEGREE C,658,       PPM,2020-11-11T03:55:58
85,11-11-15,04:00:58,57.7,       %RH,22.1,  DEGREE C,653,       PPM,2020-11-11T04:00:58
86,11-11-15,04:05:58,57.7,       %RH,22.1,  DEGREE C,643,       PPM,2020-11-11T04:05:58
87,11-11-15,04:10:58,57.6,       %RH,22,  DEGREE C,637,       PPM,2020-11-11T04:10:58
88,11-11-15,04:15:58,57.5,       %RH,22,  DEGREE C,646,       PPM,2020-11-11T04:15:58
89,11-11-15,04:20:58,57.5,       %RH,22,  DEGREE C,622,       PPM,2020-11-11T04:20:58
90,11-11-15,04:25:58,57.5,       %RH,22,  DEGREE C,632,       PPM,2020-11-11T04:25:58
91,11-11-15,04:30:58,57.7,       %RH,22,  DEGREE C,672,       PPM,2020-11-11T04:30:58
92,11-11-15,04:35:58,57.7,       %RH,22,  DEGREE C,627,       PPM,2020-11-11T04:35:58
93,11-11-15,04:40:58,57.5,       %RH,22,  DEGREE C,610,       PPM,2020-11-11T04:40:58
94,11-11-15,04:45:58,57.3,       %RH,21.9,  DEGREE C,555,       PPM,2020-11-11T04:45:58
95,11-11-15,04:50:58,57.1,       %RH,21.8,  DEGREE C,505,       PPM,2020-11-11T04:50:58
96,11-11-15,04:55:58,57.1,       %RH,21.7,  DEGREE C,508,       PPM,2020-11-11T04:55:58
97,11-11-15,05:00:58,56.9,       %RH,21.6,  DEGREE C,473,       PPM,2020-11-11T05:00:58
98,11-11-15,05:05:58,57,       %RH,21.6,  DEGREE C,472,       PPM,2020-11-11T05:05:58
99,11-11-15,05:10:58,57.1,       %RH,21.5,  DEGREE C,482,       PPM,2020-11-11T05:10:58
100,11-11-15,05:15:58,57.2,       %RH,21.5,  DEGREE C,482,       PPM,2020-11-11T05:15:58
101,11-11-15,05:20:58,57.4,       %RH,21.4,  DEGREE C,492,       PPM,2020-11-11T05:20:58
102,11-11-15,05:25:58,57.6,       %RH,21.5,  DEGREE C,490,       PPM,2020-11-11T05:25:58
103,11-11-15,05:30:58,57.8,       %RH,21.5,  DEGREE C,562,       PPM,2020-11-11T05:30:58
104,11-11-15,05:35:58,57.9,       %RH,21.5,  DEGREE C,547,       PPM,2020-11-11T05:35:58
105,11-11-15,05:40:58,58,       %RH,21.6,  DEGREE C,574,       PPM,2020-11-11T05:40:58
106,11-11-15,05:45:58,57.9,       %RH,21.6,  DEGREE C,573,       PPM,2020-11-11T05:45:58
107,11-11-15,05:50:58,57.9,       %RH,21.7,  DEGREE C,582,       PPM,2020-11-11T05:50:58
108,11-11-15,05:55:58,57.6,       %RH,21.7,  DEGREE C,560,       PPM,2020-11-11T05:55:58
109,11-11-15,06:00:58,57.5,       %RH,21.7,  DEGREE C,553,       PPM,2020-11-11T06:00:58
110,11-11-15,06:05:58,57.3,       %RH,21.7,  DEGREE C,550,       PPM,2020-11-11T06:05:58
111,11-11-15,06:10:58,57.2,       %RH,21.7,  DEGREE C,542,       PPM,2020-11-11T06:10:58
112,11-11-15,06:15:58,57.3,       %RH,21.6,  DEGREE C,515,       PPM,2020-11-11T06:15:58
113,11-11-15,06:20:58,57.4,       %RH,21.6,  DEGREE C,472,       PPM,2020-11-11T06:20:58
114,11-11-15,06:25:58,57.6,       %RH,21.6,  DEGREE C,478,       PPM,2020-11-11T06:25:58
115,11-11-15,06:30:58,57.7,       %RH,21.5,  DEGREE C,476,       PPM,2020-11-11T06:30:58
116,11-11-15,06:35:58,57.8,       %RH,21.5,  DEGREE C,486,       PPM,2020-11-11T06:35:58
117,11-11-15,06:40:58,57.9,       %RH,21.5,  DEGREE C,477,       PPM,2020-11-11T06:40:58
118,11-11-15,06:45:58,58.4,       %RH,21.5,  DEGREE C,490,       PPM,2020-11-11T06:45:58
119,11-11-15,06:50:58,58.3,       %RH,21.5,  DEGREE C,495,       PPM,2020-11-11T06:50:58
120,11-11-15,06:55:58,58.5,       %RH,21.5,  DEGREE C,473,       PPM,2020-11-11T06:55:58
121,11-11-15,07:00:58,58.7,       %RH,21.6,  DEGREE C,485,       PPM,2020-11-11T07:00:58
122,11-11-15,07:05:58,58.7,       %RH,21.5,  DEGREE C,479,       PPM,2020-11-11T07:05:58
123,11-11-15,07:10:58,58.5,       %RH,21.7,  DEGREE C,502,       PPM,2020-11-11T07:10:58
124,11-11-15,07:15:58,58.5,       %RH,21.7,  DEGREE C,521,       PPM,2020-11-11T07:15:58
125,11-11-15,07:20:58,58.3,       %RH,21.7,  DEGREE C,491,       PPM,2020-11-11T07:20:58
126,11-11-15,07:25:58,58,       %RH,21.7,  DEGREE C,481,       PPM,2020-11-11T07:25:58
127,11-11-15,07:30:58,58,       %RH,21.8,  DEGREE C,471,       PPM,2020-11-11T07:30:58
128,11-11-15,07:35:58,57.7,       %RH,21.8,  DEGREE C,461,       PPM,2020-11-11T07:35:58
129,11-11-15,07:40:58,57.7,       %RH,21.8,  DEGREE C,452,       PPM,2020-11-11T07:40:58
130,11-11-15,07:45:58,57.6,       %RH,21.8,  DEGREE C,473,       PPM,2020-11-11T07:45:58
131,11-11-15,07:50:58,57.3,       %RH,21.8,  DEGREE C,476,       PPM,2020-11-11T07:50:58
132,11-11-15,07:55:58,57.4,       %RH,21.9,  DEGREE C,478,       PPM,2020-11-11T07:55:58
133,11-11-15,08:00:58,57,       %RH,21.9,  DEGREE C,490,       PPM,2020-11-11T08:00:58
134,11-11-15,08:05:58,56.8,       %RH,21.9,  DEGREE C,477,       PPM,2020-11-11T08:05:58
135,11-11-15,08:10:58,56.5,       %RH,21.9,  DEGREE C,479,       PPM,2020-11-11T08:10:58
136,11-11-15,08:15:58,56.4,       %RH,22,  DEGREE C,491,       PPM,2020-11-11T08:15:58
137,11-11-15,08:20:58,56.4,       %RH,22,  DEGREE C,479,       PPM,2020-11-11T08:20:58
138,11-11-15,08:25:58,56.3,       %RH,22,  DEGREE C,485,       PPM,2020-11-11T08:25:58
139,11-11-15,08:30:58,56.2,       %RH,22,  DEGREE C,479,       PPM,2020-11-11T08:30:58
140,11-11-15,08:35:58,55.9,       %RH,22.1,  DEGREE C,497,       PPM,2020-11-11T08:35:58
141,11-11-15,08:40:58,55.8,       %RH,22.1,  DEGREE C,481,       PPM,2020-11-11T08:40:58
142,11-11-15,08:45:58,55.8,       %RH,22.1,  DEGREE C,484,       PPM,2020-11-11T08:45:58
143,11-11-15,08:50:58,55.7,       %RH,22.2,  DEGREE C,477,       PPM,2020-11-11T08:50:58
144,11-11-15,08:55:58,55.7,       %RH,22.2,  DEGREE C,476,       PPM,2020-11-11T08:55:58
145,11-11-15,09:00:58,55.5,       %RH,22.2,  DEGREE C,460,       PPM,2020-11-11T09:00:58
146,11-11-15,09:05:58,55.5,       %RH,22.3,  DEGREE C,474,       PPM,2020-11-11T09:05:58
147,11-11-15,09:10:58,55.5,       %RH,22.3,  DEGREE C,467,       PPM,2020-11-11T09:10:58
148,11-11-15,09:15:58,55.3,       %RH,22.4,  DEGREE C,473,       PPM,2020-11-11T09:15:58
149,11-11-15,09:20:58,55.2,       %RH,22.4,  DEGREE C,476,       PPM,2020-11-11T09:20:58
150,11-11-15,09:25:58,55.2,       %RH,22.5,  DEGREE C,469,       PPM,2020-11-11T09:25:58
151,11-11-15,09:30:58,55.2,       %RH,22.5,  DEGREE C,455,       PPM,2020-11-11T09:30:58
152,11-11-15,09:35:58,55,       %RH,22.5,  DEGREE C,464,       PPM,2020-11-11T09:35:58
153,11-11-15,09:40:58,55,       %RH,22.5,  DEGREE C,467,       PPM,2020-11-11T09:40:58
154,11-11-15,09:45:58,54.9,       %RH,22.6,  DEGREE C,464,       PPM,2020-11-11T09:45:58
155,11-11-15,09:50:58,54.9,       %RH,22.6,  DEGREE C,459,       PPM,2020-11-11T09:50:58
156,11-11-15,09:55:58,54.9,       %RH,22.6,  DEGREE C,452,       PPM,2020-11-11T09:55:58
157,11-11-15,10:00:58,54.8,       %RH,22.6,  DEGREE C,440,       PPM,2020-11-11T10:00:58
158,11-11-15,10:05:58,54.8,       %RH,22.7,  DEGREE C,443,       PPM,2020-11-11T10:05:58
159,11-11-15,10:10:58,54.8,       %RH,22.7,  DEGREE C,457,       PPM,2020-11-11T10:10:58
160,11-11-15,10:15:58,54.7,       %RH,22.7,  DEGREE C,443,       PPM,2020-11-11T10:15:58
161,11-11-15,10:20:58,54.7,       %RH,22.7,  DEGREE C,434,       PPM,2020-11-11T10:20:58
162,11-11-15,10:25:58,54.6,       %RH,22.7,  DEGREE C,446,       PPM,2020-11-11T10:25:58
163,11-11-15,10:30:58,54.7,       %RH,22.8,  DEGREE C,439,       PPM,2020-11-11T10:30:58
164,11-11-15,10:35:58,54.6,       %RH,22.8,  DEGREE C,425,       PPM,2020-11-11T10:35:58
165,11-11-15,10:40:58,54.6,       %RH,22.8,  DEGREE C,432,       PPM,2020-11-11T10:40:58
166,11-11-15,10:45:58,54.5,       %RH,22.9,  DEGREE C,446,       PPM,2020-11-11T10:45:58
167,11-11-15,10:50:58,54.4,       %RH,22.9,  DEGREE C,443,       PPM,2020-11-11T10:50:58
168,11-11-15,10:55:58,54.5,       %RH,22.9,  DEGREE C,445,       PPM,2020-11-11T10:55:58
169,11-11-15,11:00:58,54.5,       %RH,22.9,  DEGREE C,434,       PPM,2020-11-11T11:00:58
170,11-11-15,11:05:58,54.5,       %RH,23,  DEGREE C,447,       PPM,2020-11-11T11:05:58
171,11-11-15,11:10:58,54.4,       %RH,23,  DEGREE C,451,       PPM,2020-11-11T11:10:58
172,11-11-15,11:15:58,54.3,       %RH,23,  DEGREE C,446,       PPM,2020-11-11T11:15:58
173,11-11-15,11:20:58,54.4,       %RH,23.1,  DEGREE C,443,       PPM,2020-11-11T11:20:58
174,11-11-15,11:25:58,54.5,       %RH,23.1,  DEGREE C,451,       PPM,2020-11-11T11:25:58
175,11-11-15,11:30:58,54.2,       %RH,23.1,  DEGREE C,463,       PPM,2020-11-11T11:30:58
176,11-11-15,11:35:58,54.3,       %RH,23.1,  DEGREE C,453,       PPM,2020-11-11T11:35:58
177,11-11-15,11:40:58,54.2,       %RH,23.2,  DEGREE C,453,       PPM,2020-11-11T11:40:58
178,11-11-15,11:45:58,54.2,       %RH,23.2,  DEGREE C,449,       PPM,2020-11-11T11:45:58
179,11-11-15,11:50:58,54.4,       %RH,23.3,  DEGREE C,456,       PPM,2020-11-11T11:50:58
180,11-11-15,11:55:58,54.1,       %RH,23.3,  DEGREE C,449,       PPM,2020-11-11T11:55:58
181,11-11-15,12:00:58,54,       %RH,23.3,  DEGREE C,437,       PPM,2020-11-11T12:00:58
182,11-11-15,12:05:58,54.2,       %RH,23.2,  DEGREE C,448,       PPM,2020-11-11T12:05:58
183,11-11-15,12:10:58,54.1,       %RH,23.3,  DEGREE C,445,       PPM,2020-11-11T12:10:58
184,11-11-15,12:15:58,54.1,       %RH,23.4,  DEGREE C,457,       PPM,2020-11-11T12:15:58
185,11-11-15,12:20:58,54,       %RH,23.4,  DEGREE C,440,       PPM,2020-11-11T12:20:58
186,11-11-15,12:25:58,54.1,       %RH,23.4,  DEGREE C,432,       PPM,2020-11-11T12:25:58
187,11-11-15,12:30:58,54.1,       %RH,23.4,  DEGREE C,442,       PPM,2020-11-11T12:30:58
188,11-11-15,12:35:58,54,       %RH,23.5,  DEGREE C,446,       PPM,2020-11-11T12:35:58
189,11-11-15,12:40:58,54,       %RH,23.5,  DEGREE C,438,       PPM,2020-11-11T12:40:58
190,11-11-15,12:45:58,54.3,       %RH,23.5,  DEGREE C,452,       PPM,2020-11-11T12:45:58
191,11-11-15,12:50:58,54.3,       %RH,23.6,  DEGREE C,452,       PPM,2020-11-11T12:50:58
192,11-11-15,12:55:58,54,       %RH,23.6,  DEGREE C,448,       PPM,2020-11-11T12:55:58
193,11-11-15,13:00:58,54,       %RH,23.7,  DEGREE C,446,       PPM,2020-11-11T13:00:58
194,11-11-15,13:05:58,53.8,       %RH,23.7,  DEGREE C,439,       PPM,2020-11-11T13:05:58
195,11-11-15,13:10:58,53.8,       %RH,23.7,  DEGREE C,434,       PPM,2020-11-11T13:10:58
196,11-11-15,13:15:58,53.9,       %RH,23.7,  DEGREE C,439,       PPM,2020-11-11T13:15:58
197,11-11-15,13:20:58,53.7,       %RH,23.7,  DEGREE C,447,       PPM,2020-11-11T13:20:58
198,11-11-15,13:25:58,53.8,       %RH,23.8,  DEGREE C,422,       PPM,2020-11-11T13:25:58
199,11-11-15,13:30:58,53.8,       %RH,23.8,  DEGREE C,423,       PPM,2020-11-11T13:30:58
200,11-11-15,13:35:58,53.7,       %RH,23.8,  DEGREE C,430,       PPM,2020-11-11T13:35:58
201,11-11-15,13:40:58,53.8,       %RH,23.8,  DEGREE C,419,       PPM,2020-11-11T13:40:58
202,11-11-15,13:45:58,53.8,       %RH,23.9,  DEGREE C,435,       PPM,2020-11-11T13:45:58
203,11-11-15,13:50:58,53.8,       %RH,23.9,  DEGREE C,437,       PPM,2020-11-11T13:50:58
204,11-11-15,13:55:58,53.8,       %RH,23.9,  DEGREE C,435,       PPM,2020-11-11T13:55:58
205,11-11-15,14:00:58,53.8,       %RH,23.9,  DEGREE C,441,       PPM,2020-11-11T14:00:58
206,11-11-15,14:05:58,53.7,       %RH,24,  DEGREE C,433,       PPM,2020-11-11T14:05:58
207,11-11-15,14:10:58,53.6,       %RH,24,  DEGREE C,423,       PPM,2020-11-11T14:10:58
208,11-11-15,14:15:58,53.8,       %RH,24,  DEGREE C,436,       PPM,2020-11-11T14:15:58
209,11-11-15,14:20:58,53.7,       %RH,24,  DEGREE C,428,       PPM,2020-11-11T14:20:58
210,11-11-15,14:25:58,53.7,       %RH,24.1,  DEGREE C,427,       PPM,2020-11-11T14:25:58
211,11-11-15,14:30:58,53.7,       %RH,24,  DEGREE C,427,       PPM,2020-11-11T14:30:58
212,11-11-15,14:35:58,53.7,       %RH,24.1,  DEGREE C,429,       PPM,2020-11-11T14:35:58
213,11-11-15,14:40:58,53.6,       %RH,24.1,  DEGREE C,421,       PPM,2020-11-11T14:40:58
214,11-11-15,14:45:58,53.6,       %RH,24.1,  DEGREE C,425,       PPM,2020-11-11T14:45:58
215,11-11-15,14:50:58,53.6,       %RH,24.2,  DEGREE C,435,       PPM,2020-11-11T14:50:58
216,11-11-15,14:55:58,53.7,       %RH,24.2,  DEGREE C,427,       PPM,2020-11-11T14:55:58
217,11-11-15,15:00:58,53.6,       %RH,24.2,  DEGREE C,425,       PPM,2020-11-11T15:00:58
218,11-11-15,15:05:58,53.7,       %RH,24.2,  DEGREE C,430,       PPM,2020-11-11T15:05:58
219,11-11-15,15:10:58,53.7,       %RH,24.2,  DEGREE C,425,       PPM,2020-11-11T15:10:58
220,11-11-15,15:15:58,53.7,       %RH,24.2,  DEGREE C,444,       PPM,2020-11-11T15:15:58
221,11-11-15,15:20:58,53.5,       %RH,24.3,  DEGREE C,443,       PPM,2020-11-11T15:20:58
222,11-11-15,15:25:58,53.8,       %RH,24.3,  DEGREE C,454,       PPM,2020-11-11T15:25:58
223,11-11-15,15:30:58,53.8,       %RH,24.3,  DEGREE C,469,       PPM,2020-11-11T15:30:58
224,11-11-15,15:35:58,53.8,       %RH,24.3,  DEGREE C,457,       PPM,2020-11-11T15:35:58
225,11-11-15,15:40:58,53.7,       %RH,24.4,  DEGREE C,447,       PPM,2020-11-11T15:40:58
226,11-11-15,15:45:58,53.7,       %RH,24.4,  DEGREE C,444,       PPM,2020-11-11T15:45:58
227,11-11-15,15:50:58,53.6,       %RH,24.4,  DEGREE C,445,       PPM,2020-11-11T15:50:58
228,11-11-15,15:55:58,53.5,       %RH,24.5,  DEGREE C,423,       PPM,2020-11-11T15:55:58
229,11-11-15,16:00:58,53.6,       %RH,24.4,  DEGREE C,436,       PPM,2020-11-11T16:00:58
230,11-11-15,16:05:58,53.7,       %RH,24.5,  DEGREE C,440,       PPM,2020-11-11T16:05:58
231,11-11-15,16:10:58,53.7,       %RH,24.5,  DEGREE C,442,       PPM,2020-11-11T16:10:58
232,11-11-15,16:15:58,53.8,       %RH,24.5,  DEGREE C,423,       PPM,2020-11-11T16:15:58
233,11-11-15,16:20:58,53.9,       %RH,24.5,  DEGREE C,449,       PPM,2020-11-11T16:20:58
234,11-11-15,16:25:58,53.8,       %RH,24.5,  DEGREE C,441,       PPM,2020-11-11T16:25:58
235,11-11-15,16:30:58,53.8,       %RH,24.5,  DEGREE C,450,       PPM,2020-11-11T16:30:58
236,11-11-15,16:35:58,53.9,       %RH,24.5,  DEGREE C,447,       PPM,2020-11-11T16:35:58
237,11-11-15,16:40:58,53.7,       %RH,24.6,  DEGREE C,453,       PPM,2020-11-11T16:40:58
238,11-11-15,16:45:58,53.8,       %RH,24.6,  DEGREE C,434,       PPM,2020-11-11T16:45:58
239,11-11-15,16:50:58,54,       %RH,24.6,  DEGREE C,452,       PPM,2020-11-11T16:50:58
240,11-11-15,16:55:58,53.9,       %RH,24.6,  DEGREE C,459,       PPM,2020-11-11T16:55:58
241,11-11-15,17:00:58,53.8,       %RH,24.6,  DEGREE C,469,       PPM,2020-11-11T17:00:58
242,11-11-15,17:05:58,54,       %RH,24.5,  DEGREE C,489,       PPM,2020-11-11T17:05:58
243,11-11-15,17:10:58,54.2,       %RH,24.7,  DEGREE C,460,       PPM,2020-11-11T17:10:58
244,11-11-15,17:15:58,54.2,       %RH,24.7,  DEGREE C,445,       PPM,2020-11-11T17:15:58
245,11-11-15,17:20:58,54,       %RH,24.7,  DEGREE C,460,       PPM,2020-11-11T17:20:58
246,11-11-15,17:25:58,54.3,       %RH,24.7,  DEGREE C,458,       PPM,2020-11-11T17:25:58
247,11-11-15,17:30:58,54,       %RH,24.7,  DEGREE C,448,       PPM,2020-11-11T17:30:58
248,11-11-15,17:35:58,54.1,       %RH,24.7,  DEGREE C,460,       PPM,2020-11-11T17:35:58
249,11-11-15,17:40:58,54.1,       %RH,24.7,  DEGREE C,443,       PPM,2020-11-11T17:40:58
250,11-11-15,17:45:58,54.2,       %RH,24.7,  DEGREE C,446,       PPM,2020-11-11T17:45:58
251,11-11-15,17:50:58,54.2,       %RH,24.7,  DEGREE C,462,       PPM,2020-11-11T17:50:58
252,11-11-15,17:55:58,54.6,       %RH,24.7,  DEGREE C,445,       PPM,2020-11-11T17:55:58
253,11-11-15,18:00:58,54.7,       %RH,24.7,  DEGREE C,458,       PPM,2020-11-11T18:00:58
254,11-11-15,18:05:58,54.6,       %RH,24.7,  DEGREE C,447,       PPM,2020-11-11T18:05:58
255,11-11-15,18:10:58,54.6,       %RH,24.7,  DEGREE C,428,       PPM,2020-11-11T18:10:58
256,11-11-15,18:15:58,54.3,       %RH,24.7,  DEGREE C,442,       PPM,2020-11-11T18:15:58
257,11-11-15,18:20:58,54.3,       %RH,24.7,  DEGREE C,448,       PPM,2020-11-11T18:20:58
258,11-11-15,18:25:58,54.3,       %RH,24.7,  DEGREE C,458,       PPM,2020-11-11T18:25:58
259,11-11-15,18:30:58,54.4,       %RH,24.7,  DEGREE C,445,       PPM,2020-11-11T18:30:58
260,11-11-15,18:35:58,54.4,       %RH,24.7,  DEGREE C,456,       PPM,2020-11-11T18:35:58
261,11-11-15,18:40:58,54.4,       %RH,24.7,  DEGREE C,442,       PPM,2020-11-11T18:40:58
262,11-11-15,18:45:58,54.5,       %RH,24.7,  DEGREE C,449,       PPM,2020-11-11T18:45:58
263,11-11-15,18:50:58,54.5,       %RH,24.7,  DEGREE C,469,       PPM,2020-11-11T18:50:58
264,11-11-15,18:55:58,54.5,       %RH,24.7,  DEGREE C,448,       PPM,2020-11-11T18:55:58
265,11-11-15,19:00:58,54.5,       %RH,24.7,  DEGREE C,460,       PPM,2020-11-11T19:00:58
266,11-11-15,19:05:58,54.5,       %RH,24.7,  DEGREE C,468,       PPM,2020-11-11T19:05:58
267,11-11-15,19:10:58,54.5,       %RH,24.7,  DEGREE C,460,       PPM,2020-11-11T19:10:58
268,11-11-15,19:15:58,54.5,       %RH,24.7,  DEGREE C,439,       PPM,2020-11-11T19:15:58
269,11-11-15,19:20:58,54.5,       %RH,24.7,  DEGREE C,456,       PPM,2020-11-11T19:20:58
270,11-11-15,19:25:58,54.5,       %RH,24.7,  DEGREE C,429,       PPM,2020-11-11T19:25:58
271,11-11-15,19:30:58,54.5,       %RH,24.7,  DEGREE C,442,       PPM,2020-11-11T19:30:58
272,11-11-15,19:35:58,54.5,       %RH,24.7,  DEGREE C,449,       PPM,2020-11-11T19:35:58
273,11-11-15,19:40:58,54.6,       %RH,24.8,  DEGREE C,445,       PPM,2020-11-11T19:40:58
274,11-11-15,19:45:58,54.6,       %RH,24.7,  DEGREE C,450,       PPM,2020-11-11T19:45:58
275,11-11-15,19:50:58,54.6,       %RH,24.7,  DEGREE C,448,       PPM,2020-11-11T19:50:58
276,11-11-15,19:55:58,54.6,       %RH,24.8,  DEGREE C,435,       PPM,2020-11-11T19:55:58
277,11-11-15,20:00:58,54.6,       %RH,24.7,  DEGREE C,430,       PPM,2020-11-11T20:00:58
278,11-11-15,20:05:58,54.6,       %RH,24.8,  DEGREE C,442,       PPM,2020-11-11T20:05:58
279,11-11-15,20:10:58,54.6,       %RH,24.8,  DEGREE C,442,       PPM,2020-11-11T20:10:58
280,11-11-15,20:15:58,54.7,       %RH,24.7,  DEGREE C,452,       PPM,2020-11-11T20:15:58
281,11-11-15,20:20:58,54.7,       %RH,24.8,  DEGREE C,451,       PPM,2020-11-11T20:20:58
282,11-11-15,20:25:58,54.7,       %RH,24.7,  DEGREE C,436,       PPM,2020-11-11T20:25:58
283,11-11-15,20:30:58,54.7,       %RH,24.8,  DEGREE C,440,       PPM,2020-11-11T20:30:58
284,11-11-15,20:35:58,54.7,       %RH,24.8,  DEGREE C,445,       PPM,2020-11-11T20:35:58
285,11-11-15,20:40:58,54.7,       %RH,24.8,  DEGREE C,438,       PPM,2020-11-11T20:40:58
286,11-11-15,20:45:58,54.8,       %RH,24.8,  DEGREE C,448,       PPM,2020-11-11T20:45:58
287,11-11-15,20:50:58,54.9,       %RH,24.8,  DEGREE C,461,       PPM,2020-11-11T20:50:58
288,11-11-15,20:55:58,54.8,       %RH,24.8,  DEGREE C,453,       PPM,2020-11-11T20:55:58
289,11-11-15,21:00:58,55.1,       %RH,24.7,  DEGREE C,451,       PPM,2020-11-11T21:00:58
290,11-11-15,21:05:58,55.3,       %RH,24.7,  DEGREE C,449,       PPM,2020-11-11T21:05:58
291,11-11-15,21:10:58,55.2,       %RH,24.8,  DEGREE C,462,       PPM,2020-11-11T21:10:58
292,11-11-15,21:15:58,55.2,       %RH,24.8,  DEGREE C,451,       PPM,2020-11-11T21:15:58
293,11-11-15,21:20:58,55.2,       %RH,24.8,  DEGREE C,469,       PPM,2020-11-11T21:20:58
294,11-11-15,21:25:58,55.2,       %RH,24.7,  DEGREE C,468,       PPM,2020-11-11T21:25:58
295,11-11-15,21:30:58,55.3,       %RH,24.7,  DEGREE C,474,       PPM,2020-11-11T21:30:58
296,11-11-15,21:35:58,55.3,       %RH,24.7,  DEGREE C,473,       PPM,2020-11-11T21:35:58
297,11-11-15,21:40:58,55.5,       %RH,24.7,  DEGREE C,498,       PPM,2020-11-11T21:40:58
298,11-11-15,21:45:58,55.5,       %RH,24.7,  DEGREE C,503,       PPM,2020-11-11T21:45:58
299,11-11-15,21:50:58,55.5,       %RH,24.7,  DEGREE C,512,       PPM,2020-11-11T21:50:58
300,11-11-15,21:55:58,55.6,       %RH,24.7,  DEGREE C,510,       PPM,2020-11-11T21:55:58
301,11-11-15,22:00:58,55.6,       %RH,24.7,  DEGREE C,537,       PPM,2020-11-11T22:00:58
302,11-11-15,22:05:58,55.7,       %RH,24.6,  DEGREE C,537,       PPM,2020-11-11T22:05:58
303,11-11-15,22:10:58,55.6,       %RH,24.7,  DEGREE C,524,       PPM,2020-11-11T22:10:58
304,11-11-15,22:15:58,55.6,       %RH,24.7,  DEGREE C,538,       PPM,2020-11-11T22:15:58
305,11-11-15,22:20:58,55.7,       %RH,24.7,  DEGREE C,538,       PPM,2020-11-11T22:20:58
306,11-11-15,22:25:58,55.6,       %RH,24.7,  DEGREE C,545,       PPM,2020-11-11T22:25:58
307,11-11-15,22:30:58,55.8,       %RH,24.7,  DEGREE C,554,       PPM,2020-11-11T22:30:58
308,11-11-15,22:35:58,55.9,       %RH,24.7,  DEGREE C,544,       PPM,2020-11-11T22:35:58
309,11-11-15,22:40:58,55.8,       %RH,24.7,  DEGREE C,554,       PPM,2020-11-11T22:40:58
310,11-11-15,22:45:58,55.9,       %RH,24.7,  DEGREE C,571,       PPM,2020-11-11T22:45:58
311,11-11-15,22:50:58,56,       %RH,24.7,  DEGREE C,567,       PPM,2020-11-11T22:50:58
312,11-11-15,22:55:58,56.1,       %RH,24.7,  DEGREE C,585,       PPM,2020-11-11T22:55:58
313,11-11-15,23:00:58,56,       %RH,24.7,  DEGREE C,572,       PPM,2020-11-11T23:00:58
314,11-11-15,23:05:58,56,       %RH,24.7,  DEGREE C,593,       PPM,2020-11-11T23:05:58
315,11-11-15,23:10:58,56.1,       %RH,24.7,  DEGREE C,617,       PPM,2020-11-11T23:10:58
316,11-11-15,23:15:58,56.2,       %RH,24.7,  DEGREE C,601,       PPM,2020-11-11T23:15:58
317,11-11-15,23:20:58,56.2,       %RH,24.7,  DEGREE C,610,       PPM,2020-11-11T23:20:58
318,11-11-15,23:25:58,56.1,       %RH,24.7,  DEGREE C,601,       PPM,2020-11-11T23:25:58
319,11-11-15,23:30:58,56.2,       %RH,24.6,  DEGREE C,585,       PPM,2020-11-11T23:30:58
320,11-11-15,23:35:58,56.3,       %RH,24.6,  DEGREE C,594,       PPM,2020-11-11T23:35:58
321,11-11-15,23:40:58,56.2,       %RH,24.6,  DEGREE C,585,       PPM,2020-11-11T23:40:58
322,11-11-15,23:45:58,56.3,       %RH,24.6,  DEGREE C,598,       PPM,2020-11-11T23:45:58
323,11-11-15,23:50:58,56.4,       %RH,24.6,  DEGREE C,606,       PPM,2020-11-11T23:50:58
324,11-11-15,23:55:58,56.4,       %RH,24.6,  DEGREE C,604,       PPM,2020-11-11T23:55:58
325,12-11-15,00:00:58,56.6,       %RH,24.6,  DEGREE C,594,       PPM,2020-11-12T00:00:58
326,12-11-15,00:05:58,56.6,       %RH,24.6,  DEGREE C,590,       PPM,2020-11-12T00:05:58
327,12-11-15,00:10:58,56.6,       %RH,24.6,  DEGREE C,596,       PPM,2020-11-12T00:10:58
328,12-11-15,00:15:58,56.6,       %RH,24.6,  DEGREE C,585,       PPM,2020-11-12T00:15:58
329,12-11-15,00:20:58,56.8,       %RH,24.6,  DEGREE C,603,       PPM,2020-11-12T00:20:58
330,12-11-15,00:25:58,56.7,       %RH,24.6,  DEGREE C,598,       PPM,2020-11-12T00:25:58
331,12-11-15,00:30:58,56.8,       %RH,24.6,  DEGREE C,587,       PPM,2020-11-12T00:30:58
332,12-11-15,00:35:58,56.7,       %RH,24.6,  DEGREE C,610,       PPM,2020-11-12T00:35:58
333,12-11-15,00:40:58,56.7,       %RH,24.6,  DEGREE C,593,       PPM,2020-11-12T00:40:58
334,12-11-15,00:45:58,56.7,       %RH,24.5,  DEGREE C,615,       PPM,2020-11-12T00:45:58
335,12-11-15,00:50:58,56.7,       %RH,24.5,  DEGREE C,604,       PPM,2020-11-12T00:50:58
336,12-11-15,00:55:58,56.8,       %RH,24.5,  DEGREE C,604,       PPM,2020-11-12T00:55:58
337,12-11-15,01:00:58,56.8,       %RH,24.5,  DEGREE C,598,       PPM,2020-11-12T01:00:58
338,12-11-15,01:05:58,56.8,       %RH,24.5,  DEGREE C,598,       PPM,2020-11-12T01:05:58
339,12-11-15,01:10:58,56.9,       %RH,24.5,  DEGREE C,608,       PPM,2020-11-12T01:10:58
340,12-11-15,01:15:58,56.9,       %RH,24.5,  DEGREE C,615,       PPM,2020-11-12T01:15:58
341,12-11-15,01:20:58,56.7,       %RH,24.5,  DEGREE C,618,       PPM,2020-11-12T01:20:58
342,12-11-15,01:25:58,56.9,       %RH,24.5,  DEGREE C,603,       PPM,2020-11-12T01:25:58
343,12-11-15,01:30:58,56.9,       %RH,24.5,  DEGREE C,620,       PPM,2020-11-12T01:30:58
344,12-11-15,01:35:58,57.2,       %RH,24.5,  DEGREE C,611,       PPM,2020-11-12T01:35:58
345,12-11-15,01:40:58,57.1,       %RH,24.5,  DEGREE C,607,       PPM,2020-11-12T01:40:58
346,12-11-15,01:45:58,57.1,       %RH,24.4,  DEGREE C,597,       PPM,2020-11-12T01:45:58
347,12-11-15,01:50:58,57.2,       %RH,24.4,  DEGREE C,618,       PPM,2020-11-12T01:50:58
348,12-11-15,01:55:58,57.1,       %RH,24.4,  DEGREE C,618,       PPM,2020-11-12T01:55:58
349,12-11-15,02:00:58,57,       %RH,24.4,  DEGREE C,607,       PPM,2020-11-12T02:00:58
350,12-11-15,02:05:58,57.4,       %RH,24.4,  DEGREE C,618,       PPM,2020-11-12T02:05:58
351,12-11-15,02:10:58,57.4,       %RH,24.4,  DEGREE C,634,       PPM,2020-11-12T02:10:58
352,12-11-15,02:15:58,57.4,       %RH,24.4,  DEGREE C,634,       PPM,2020-11-12T02:15:58
353,12-11-15,02:20:58,57.5,       %RH,24.4,  DEGREE C,640,       PPM,2020-11-12T02:20:58
354,12-11-15,02:25:58,57.4,       %RH,24.4,  DEGREE C,642,       PPM,2020-11-12T02:25:58
355,12-11-15,02:30:58,57.3,       %RH,24.4,  DEGREE C,656,       PPM,2020-11-12T02:30:58
356,12-11-15,02:35:58,57.5,       %RH,24.4,  DEGREE C,640,       PPM,2020-11-12T02:35:58
357,12-11-15,02:40:58,57.8,       %RH,24.3,  DEGREE C,642,       PPM,2020-11-12T02:40:58
358,12-11-15,02:45:58,57.8,       %RH,24.3,  DEGREE C,634,       PPM,2020-11-12T02:45:58
359,12-11-15,02:50:58,57.7,       %RH,24.3,  DEGREE C,632,       PPM,2020-11-12T02:50:58
360,12-11-15,02:55:58,57.8,       %RH,24.3,  DEGREE C,655,       PPM,2020-11-12T02:55:58
361,12-11-15,03:00:58,57.7,       %RH,24.3,  DEGREE C,671,       PPM,2020-11-12T03:00:58
362,12-11-15,03:05:58,57.7,       %RH,24.2,  DEGREE C,638,       PPM,2020-11-12T03:05:58
363,12-11-15,03:10:58,57.8,       %RH,24.3,  DEGREE C,636,       PPM,2020-11-12T03:10:58
364,12-11-15,03:15:58,57.9,       %RH,24.3,  DEGREE C,644,       PPM,2020-11-12T03:15:58
365,12-11-15,03:20:58,57.8,       %RH,24.3,  DEGREE C,647,       PPM,2020-11-12T03:20:58
366,12-11-15,03:25:58,58.1,       %RH,24.3,  DEGREE C,655,       PPM,2020-11-12T03:25:58
367,12-11-15,03:30:58,57.8,       %RH,24.3,  DEGREE C,652,       PPM,2020-11-12T03:30:58
368,12-11-15,03:35:58,58,       %RH,24.2,  DEGREE C,664,       PPM,2020-11-12T03:35:58
369,12-11-15,03:40:58,57.9,       %RH,24.2,  DEGREE C,655,       PPM,2020-11-12T03:40:58
370,12-11-15,03:45:58,57.9,       %RH,24.2,  DEGREE C,651,       PPM,2020-11-12T03:45:58
371,12-11-15,03:50:58,58,       %RH,24.2,  DEGREE C,658,       PPM,2020-11-12T03:50:58
372,12-11-15,03:55:58,58.2,       %RH,24.2,  DEGREE C,642,       PPM,2020-11-12T03:55:58
373,12-11-15,04:00:58,58.1,       %RH,24.2,  DEGREE C,652,       PPM,2020-11-12T04:00:58
374,12-11-15,04:05:58,58.3,       %RH,24.2,  DEGREE C,663,       PPM,2020-11-12T04:05:58
375,12-11-15,04:10:58,58.1,       %RH,24.2,  DEGREE C,640,       PPM,2020-11-12T04:10:58
376,12-11-15,04:15:58,58.1,       %RH,24.2,  DEGREE C,655,       PPM,2020-11-12T04:15:58
377,12-11-15,04:20:58,58.2,       %RH,24.2,  DEGREE C,654,       PPM,2020-11-12T04:20:58
378,12-11-15,04:25:58,58.3,       %RH,24.2,  DEGREE C,648,       PPM,2020-11-12T04:25:58
379,12-11-15,04:30:58,58.2,       %RH,24.2,  DEGREE C,646,       PPM,2020-11-12T04:30:58
380,12-11-15,04:35:58,58.2,       %RH,24.2,  DEGREE C,652,       PPM,2020-11-12T04:35:58
381,12-11-15,04:40:58,58.2,       %RH,24.1,  DEGREE C,646,       PPM,2020-11-12T04:40:58
382,12-11-15,04:45:58,58.3,       %RH,24.1,  DEGREE C,654,       PPM,2020-11-12T04:45:58
383,12-11-15,04:50:58,58.4,       %RH,24.1,  DEGREE C,651,       PPM,2020-11-12T04:50:58
384,12-11-15,04:55:58,58.6,       %RH,24.1,  DEGREE C,662,       PPM,2020-11-12T04:55:58
385,12-11-15,05:00:58,58.5,       %RH,24.1,  DEGREE C,662,       PPM,2020-11-12T05:00:58
386,12-11-15,05:05:58,58.6,       %RH,24.1,  DEGREE C,655,       PPM,2020-11-12T05:05:58
387,12-11-15,05:10:58,58.4,       %RH,24.1,  DEGREE C,656,       PPM,2020-11-12T05:10:58
388,12-11-15,05:15:58,58.7,       %RH,24.1,  DEGREE C,581,       PPM,2020-11-12T05:15:58
389,12-11-15,05:20:58,58.9,       %RH,24,  DEGREE C,530,       PPM,2020-11-12T05:20:58
390,12-11-15,05:25:58,59.3,       %RH,24,  DEGREE C,500,       PPM,2020-11-12T05:25:58
391,12-11-15,05:30:58,59.5,       %RH,23.9,  DEGREE C,501,       PPM,2020-11-12T05:30:58
392,12-11-15,05:35:58,59.8,       %RH,23.9,  DEGREE C,500,       PPM,2020-11-12T05:35:58
393,12-11-15,05:40:58,60,       %RH,23.8,  DEGREE C,493,       PPM,2020-11-12T05:40:58
394,12-11-15,05:45:58,59.9,       %RH,23.8,  DEGREE C,511,       PPM,2020-11-12T05:45:58
395,12-11-15,05:50:58,59.9,       %RH,23.8,  DEGREE C,485,       PPM,2020-11-12T05:50:58
396,12-11-15,05:55:58,60.1,       %RH,23.8,  DEGREE C,492,       PPM,2020-11-12T05:55:58
397,12-11-15,06:00:58,60.7,       %RH,23.8,  DEGREE C,546,       PPM,2020-11-12T06:00:58
398,12-11-15,06:05:58,60,       %RH,24,  DEGREE C,592,       PPM,2020-11-12T06:05:58
399,12-11-15,06:10:58,59.6,       %RH,24.1,  DEGREE C,622,       PPM,2020-11-12T06:10:58
400,12-11-15,06:15:58,59.2,       %RH,24.2,  DEGREE C,623,       PPM,2020-11-12T06:15:58
401,12-11-15,06:20:58,59.2,       %RH,24.1,  DEGREE C,514,       PPM,2020-11-12T06:20:58
402,12-11-15,06:25:58,59.5,       %RH,24,  DEGREE C,503,       PPM,2020-11-12T06:25:58
403,12-11-15,06:30:58,59.7,       %RH,24,  DEGREE C,522,       PPM,2020-11-12T06:30:58
404,12-11-15,06:35:58,59.8,       %RH,24,  DEGREE C,512,       PPM,2020-11-12T06:35:58
405,12-11-15,06:40:58,59.9,       %RH,24,  DEGREE C,536,       PPM,2020-11-12T06:40:58
406,12-11-15,06:45:58,60,       %RH,24,  DEGREE C,502,       PPM,2020-11-12T06:45:58
407,12-11-15,06:50:58,60.1,       %RH,24,  DEGREE C,498,       PPM,2020-11-12T06:50:58
408,12-11-15,06:55:58,59.9,       %RH,24,  DEGREE C,512,       PPM,2020-11-12T06:55:58
409,12-11-15,07:00:58,59.9,       %RH,24,  DEGREE C,481,       PPM,2020-11-12T07:00:58
410,12-11-15,07:05:58,59.9,       %RH,24,  DEGREE C,486,       PPM,2020-11-12T07:05:58
411,12-11-15,07:10:58,60.2,       %RH,24,  DEGREE C,466,       PPM,2020-11-12T07:10:58
412,12-11-15,07:15:58,60.1,       %RH,24,  DEGREE C,485,       PPM,2020-11-12T07:15:58
413,12-11-15,07:20:58,59.9,       %RH,24,  DEGREE C,481,       PPM,2020-11-12T07:20:58
414,12-11-15,07:25:58,59.8,       %RH,24,  DEGREE C,464,       PPM,2020-11-12T07:25:58
415,12-11-15,07:30:58,59.7,       %RH,24,  DEGREE C,453,       PPM,2020-11-12T07:30:58
416,12-11-15,07:35:58,59.6,       %RH,24,  DEGREE C,457,       PPM,2020-11-12T07:35:58
417,12-11-15,07:40:58,59.5,       %RH,24,  DEGREE C,462,       PPM,2020-11-12T07:40:58
418,12-11-15,07:45:58,59.2,       %RH,24,  DEGREE C,476,       PPM,2020-11-12T07:45:58
419,12-11-15,07:50:58,59.1,       %RH,24,  DEGREE C,536,       PPM,2020-11-12T07:50:58
420,12-11-15,07:55:58,59,       %RH,24,  DEGREE C,542,       PPM,2020-11-12T07:55:58
421,12-11-15,08:00:58,59.1,       %RH,24,  DEGREE C,520,       PPM,2020-11-12T08:00:58
422,12-11-15,08:05:58,59,       %RH,23.9,  DEGREE C,514,       PPM,2020-11-12T08:05:58
423,12-11-15,08:10:58,58.9,       %RH,24,  DEGREE C,525,       PPM,2020-11-12T08:10:58
424,12-11-15,08:15:58,58.4,       %RH,24,  DEGREE C,524,       PPM,2020-11-12T08:15:58
425,12-11-15,08:20:58,58.5,       %RH,24.1,  DEGREE C,515,       PPM,2020-11-12T08:20:58
426,12-11-15,08:25:58,58.1,       %RH,24.1,  DEGREE C,545,       PPM,2020-11-12T08:25:58
427,12-11-15,08:30:58,58,       %RH,24.1,  DEGREE C,518,       PPM,2020-11-12T08:30:58
428,12-11-15,08:35:58,57.8,       %RH,24.1,  DEGREE C,473,       PPM,2020-11-12T08:35:58
429,12-11-15,08:40:58,57.5,       %RH,24.1,  DEGREE C,460,       PPM,2020-11-12T08:40:58
430,12-11-15,08:45:58,57.5,       %RH,24.1,  DEGREE C,450,       PPM,2020-11-12T08:45:58
431,12-11-15,08:50:58,57.5,       %RH,24.1,  DEGREE C,449,       PPM,2020-11-12T08:50:58
432,12-11-15,08:55:58,57.3,       %RH,24.1,  DEGREE C,461,       PPM,2020-11-12T08:55:58
433,12-11-15,09:00:58,57.3,       %RH,24.1,  DEGREE C,472,       PPM,2020-11-12T09:00:58
434,12-11-15,09:05:58,57.3,       %RH,24.1,  DEGREE C,467,       PPM,2020-11-12T09:05:58
435,12-11-15,09:10:58,57.3,       %RH,24.2,  DEGREE C,485,       PPM,2020-11-12T09:10:58
436,12-11-15,09:15:58,57.2,       %RH,24.2,  DEGREE C,468,       PPM,2020-11-12T09:15:58
437,12-11-15,09:20:58,57.1,       %RH,24.2,  DEGREE C,477,       PPM,2020-11-12T09:20:58
438,12-11-15,09:25:58,57.1,       %RH,24.2,  DEGREE C,473,       PPM,2020-11-12T09:25:58
439,12-11-15,09:30:58,57,       %RH,24.2,  DEGREE C,456,       PPM,2020-11-12T09:30:58
440,12-11-15,09:35:58,56.9,       %RH,24.2,  DEGREE C,456,       PPM,2020-11-12T09:35:58
441,12-11-15,09:40:58,56.9,       %RH,24.2,  DEGREE C,462,       PPM,2020-11-12T09:40:58
442,12-11-15,09:45:58,56.8,       %RH,24.3,  DEGREE C,453,       PPM,2020-11-12T09:45:58
443,12-11-15,09:50:58,56.7,       %RH,24.3,  DEGREE C,430,       PPM,2020-11-12T09:50:58
444,12-11-15,09:55:58,56.7,       %RH,24.3,  DEGREE C,445,       PPM,2020-11-12T09:55:58
445,12-11-15,10:00:58,56.6,       %RH,24.3,  DEGREE C,451,       PPM,2020-11-12T10:00:58
446,12-11-15,10:05:58,56.5,       %RH,24.3,  DEGREE C,440,       PPM,2020-11-12T10:05:58
447,12-11-15,10:10:58,56.5,       %RH,24.3,  DEGREE C,437,       PPM,2020-11-12T10:10:58
448,12-11-15,10:15:58,56.6,       %RH,24.3,  DEGREE C,441,       PPM,2020-11-12T10:15:58
449,12-11-15,10:20:58,56.5,       %RH,24.3,  DEGREE C,428,       PPM,2020-11-12T10:20:58
450,12-11-15,10:25:58,56.3,       %RH,24.4,  DEGREE C,447,       PPM,2020-11-12T10:25:58
451,12-11-15,10:30:58,56.3,       %RH,24.4,  DEGREE C,459,       PPM,2020-11-12T10:30:58
452,12-11-15,10:35:58,56.2,       %RH,24.4,  DEGREE C,454,       PPM,2020-11-12T10:35:58
453,12-11-15,10:40:58,56.2,       %RH,24.4,  DEGREE C,441,       PPM,2020-11-12T10:40:58
454,12-11-15,10:45:58,56.2,       %RH,24.4,  DEGREE C,434,       PPM,2020-11-12T10:45:58
455,12-11-15,10:50:58,56.1,       %RH,24.4,  DEGREE C,440,       PPM,2020-11-12T10:50:58
456,12-11-15,10:55:58,56.1,       %RH,24.4,  DEGREE C,429,       PPM,2020-11-12T10:55:58
457,12-11-15,11:00:58,56,       %RH,24.5,  DEGREE C,450,       PPM,2020-11-12T11:00:58
458,12-11-15,11:05:58,55.9,       %RH,24.5,  DEGREE C,423,       PPM,2020-11-12T11:05:58
459,12-11-15,11:10:58,55.9,       %RH,24.5,  DEGREE C,438,       PPM,2020-11-12T11:10:58
460,12-11-15,11:15:58,56,       %RH,24.5,  DEGREE C,422,       PPM,2020-11-12T11:15:58
461,12-11-15,11:20:58,55.8,       %RH,24.6,  DEGREE C,442,       PPM,2020-11-12T11:20:58
462,12-11-15,11:25:58,55.9,       %RH,24.6,  DEGREE C,431,       PPM,2020-11-12T11:25:58
463,12-11-15,11:30:58,55.9,       %RH,24.6,  DEGREE C,437,       PPM,2020-11-12T11:30:58
464,12-11-15,11:35:58,55.8,       %RH,24.6,  DEGREE C,429,       PPM,2020-11-12T11:35:58
465,12-11-15,11:40:58,55.8,       %RH,24.6,  DEGREE C,433,       PPM,2020-11-12T11:40:58
466,12-11-15,11:45:58,55.8,       %RH,24.7,  DEGREE C,427,       PPM,2020-11-12T11:45:58
467,12-11-15,11:50:58,55.7,       %RH,24.7,  DEGREE C,436,       PPM,2020-11-12T11:50:58
468,12-11-15,11:55:58,55.7,       %RH,24.7,  DEGREE C,416,       PPM,2020-11-12T11:55:58
469,12-11-15,12:00:58,55.7,       %RH,24.7,  DEGREE C,432,       PPM,2020-11-12T12:00:58
470,12-11-15,12:05:58,55.7,       %RH,24.7,  DEGREE C,408,       PPM,2020-11-12T12:05:58
471,12-11-15,12:10:58,55.6,       %RH,24.8,  DEGREE C,428,       PPM,2020-11-12T12:10:58
472,12-11-15,12:15:58,55.5,       %RH,24.8,  DEGREE C,424,       PPM,2020-11-12T12:15:58
473,12-11-15,12:20:58,55.5,       %RH,24.8,  DEGREE C,408,       PPM,2020-11-12T12:20:58
474,12-11-15,12:25:58,55.6,       %RH,24.8,  DEGREE C,427,       PPM,2020-11-12T12:25:58
475,12-11-15,12:30:58,55.6,       %RH,24.8,  DEGREE C,431,       PPM,2020-11-12T12:30:58
476,12-11-15,12:35:58,55.5,       %RH,24.9,  DEGREE C,429,       PPM,2020-11-12T12:35:58
477,12-11-15,12:40:58,55.6,       %RH,24.9,  DEGREE C,431,       PPM,2020-11-12T12:40:58
478,12-11-15,12:45:58,55.5,       %RH,24.9,  DEGREE C,416,       PPM,2020-11-12T12:45:58
479,12-11-15,12:50:58,55.4,       %RH,24.9,  DEGREE C,404,       PPM,2020-11-12T12:50:58
480,12-11-15,12:55:58,55.5,       %RH,24.9,  DEGREE C,414,       PPM,2020-11-12T12:55:58
481,12-11-15,13:00:58,55.5,       %RH,24.9,  DEGREE C,417,       PPM,2020-11-12T13:00:58
482,12-11-15,13:05:58,55.6,       %RH,24.8,  DEGREE C,403,       PPM,2020-11-12T13:05:58
483,12-11-15,13:10:58,55.4,       %RH,25,  DEGREE C,417,       PPM,2020-11-12T13:10:58
484,12-11-15,13:15:58,53.4,       %RH,25.6,  DEGREE C,491,       PPM,2020-11-12T13:15:58
485,12-11-15,13:20:58,53,       %RH,25.9,  DEGREE C,545,       PPM,2020-11-12T13:20:58
486,12-11-15,13:25:58,52.6,       %RH,26,  DEGREE C,568,       PPM,2020-11-12T13:25:58
487,12-11-15,13:30:58,52.1,       %RH,26.1,  DEGREE C,577,       PPM,2020-11-12T13:30:58
488,12-11-15,13:35:58,52.3,       %RH,26.2,  DEGREE C,593,       PPM,2020-11-12T13:35:58
489,12-11-15,13:40:58,51.5,       %RH,26.2,  DEGREE C,574,       PPM,2020-11-12T13:40:58
490,12-11-15,13:45:58,51,       %RH,26.2,  DEGREE C,474,       PPM,2020-11-12T13:45:58
491,12-11-15,13:50:58,50.5,       %RH,26.2,  DEGREE C,450,       PPM,2020-11-12T13:50:58
492,12-11-15,13:55:58,50.7,       %RH,26.3,  DEGREE C,438,       PPM,2020-11-12T13:55:58
493,12-11-15,14:00:58,50.6,       %RH,26.3,  DEGREE C,403,       PPM,2020-11-12T14:00:58
494,12-11-15,14:05:58,50.6,       %RH,26.3,  DEGREE C,418,       PPM,2020-11-12T14:05:58
495,12-11-15,14:10:58,50.6,       %RH,26.3,  DEGREE C,428,       PPM,2020-11-12T14:10:58
496,12-11-15,14:15:58,52.2,       %RH,26.4,  DEGREE C,522,       PPM,2020-11-12T14:15:58
497,12-11-15,14:20:58,53,       %RH,26.5,  DEGREE C,581,       PPM,2020-11-12T14:20:58
498,12-11-15,14:25:58,52.5,       %RH,26.6,  DEGREE C,575,       PPM,2020-11-12T14:25:58
499,12-11-15,14:30:58,52.1,       %RH,26.7,  DEGREE C,557,       PPM,2020-11-12T14:30:58
500,12-11-15,14:35:58,52.1,       %RH,26.7,  DEGREE C,584,       PPM,2020-11-12T14:35:58
501,12-11-15,14:40:58,50.7,       %RH,26.7,  DEGREE C,511,       PPM,2020-11-12T14:40:58
502,12-11-15,14:45:58,50,       %RH,26.7,  DEGREE C,448,       PPM,2020-11-12T14:45:58
503,12-11-15,14:50:58,49.8,       %RH,26.6,  DEGREE C,450,       PPM,2020-11-12T14:50:58
504,12-11-15,14:55:58,49.6,       %RH,26.6,  DEGREE C,422,       PPM,2020-11-12T14:55:58
505,12-11-15,15:00:58,49.5,       %RH,26.6,  DEGREE C,415,       PPM,2020-11-12T15:00:58
506,12-11-15,15:05:58,49.4,       %RH,26.6,  DEGREE C,420,       PPM,2020-11-12T15:05:58
507,12-11-15,15:10:58,49.4,       %RH,26.6,  DEGREE C,401,       PPM,2020-11-12T15:10:58
508,12-11-15,15:15:58,49.6,       %RH,26.6,  DEGREE C,417,       PPM,2020-11-12T15:15:58
509,12-11-15,15:20:58,49.6,       %RH,26.6,  DEGREE C,406,       PPM,2020-11-12T15:20:58
510,12-11-15,15:25:58,49.5,       %RH,26.6,  DEGREE C,404,       PPM,2020-11-12T15:25:58
511,12-11-15,15:30:58,49.6,       %RH,26.6,  DEGREE C,409,       PPM,2020-11-12T15:30:58
512,12-11-15,15:35:58,49.5,       %RH,26.6,  DEGREE C,427,       PPM,2020-11-12T15:35:58
513,12-11-15,15:40:58,49.3,       %RH,26.6,  DEGREE C,422,       PPM,2020-11-12T15:40:58
514,12-11-15,15:45:58,49,       %RH,26.6,  DEGREE C,418,       PPM,2020-11-12T15:45:58
515,12-11-15,15:50:58,49.3,       %RH,26.6,  DEGREE C,435,       PPM,2020-11-12T15:50:58
516,12-11-15,15:55:58,49.7,       %RH,26.6,  DEGREE C,421,       PPM,2020-11-12T15:55:58
517,12-11-15,16:00:58,49.9,       %RH,26.7,  DEGREE C,442,       PPM,2020-11-12T16:00:58
518,12-11-15,16:05:58,49.8,       %RH,26.6,  DEGREE C,428,       PPM,2020-11-12T16:05:58
519,12-11-15,16:10:58,49.9,       %RH,26.6,  DEGREE C,412,       PPM,2020-11-12T16:10:58
520,12-11-15,16:15:58,51.2,       %RH,26.7,  DEGREE C,474,       PPM,2020-11-12T16:15:58
521,12-11-15,16:20:58,51,       %RH,26.7,  DEGREE C,489,       PPM,2020-11-12T16:20:58
522,12-11-15,16:25:58,51.1,       %RH,26.7,  DEGREE C,495,       PPM,2020-11-12T16:25:58
523,12-11-15,16:30:58,51.3,       %RH,26.7,  DEGREE C,508,       PPM,2020-11-12T16:30:58
524,12-11-15,16:35:58,51.4,       %RH,26.7,  DEGREE C,497,       PPM,2020-11-12T16:35:58
525,12-11-15,16:40:58,51.5,       %RH,26.7,  DEGREE C,499,       PPM,2020-11-12T16:40:58
526,12-11-15,16:45:58,51.7,       %RH,26.7,  DEGREE C,504,       PPM,2020-11-12T16:45:58
527,12-11-15,16:50:58,51.7,       %RH,26.7,  DEGREE C,483,       PPM,2020-11-12T16:50:58
528,12-11-15,16:55:58,51.8,       %RH,26.7,  DEGREE C,492,       PPM,2020-11-12T16:55:58
529,12-11-15,17:00:58,51.9,       %RH,26.6,  DEGREE C,451,       PPM,2020-11-12T17:00:58
530,12-11-15,17:05:58,51.8,       %RH,26.5,  DEGREE C,444,       PPM,2020-11-12T17:05:58
531,12-11-15,17:10:58,52,       %RH,26.5,  DEGREE C,454,       PPM,2020-11-12T17:10:58
532,12-11-15,17:15:58,52.1,       %RH,26.5,  DEGREE C,433,       PPM,2020-11-12T17:15:58
533,12-11-15,17:20:58,52.3,       %RH,26.4,  DEGREE C,433,       PPM,2020-11-12T17:20:58
534,12-11-15,17:25:58,52.6,       %RH,26.4,  DEGREE C,424,       PPM,2020-11-12T17:25:58
535,12-11-15,17:30:58,52.5,       %RH,26.4,  DEGREE C,452,       PPM,2020-11-12T17:30:58
536,12-11-15,17:35:58,52.7,       %RH,26.3,  DEGREE C,472,       PPM,2020-11-12T17:35:58
537,12-11-15,17:40:58,52.8,       %RH,26.3,  DEGREE C,429,       PPM,2020-11-12T17:40:58
538,12-11-15,17:45:58,52.9,       %RH,26.3,  DEGREE C,457,       PPM,2020-11-12T17:45:58
539,12-11-15,17:50:58,52.7,       %RH,26.3,  DEGREE C,428,       PPM,2020-11-12T17:50:58
540,12-11-15,17:55:58,52.5,       %RH,26.3,  DEGREE C,431,       PPM,2020-11-12T17:55:58
541,12-11-15,18:00:58,52.5,       %RH,26.3,  DEGREE C,416,       PPM,2020-11-12T18:00:58
542,12-11-15,18:05:58,52.8,       %RH,26.1,  DEGREE C,406,       PPM,2020-11-12T18:05:58
543,12-11-15,18:10:58,52.8,       %RH,26.2,  DEGREE C,419,       PPM,2020-11-12T18:10:58
544,12-11-15,18:15:58,53,       %RH,26.2,  DEGREE C,404,       PPM,2020-11-12T18:15:58
545,12-11-15,18:20:58,53.1,       %RH,26.1,  DEGREE C,424,       PPM,2020-11-12T18:20:58
546,12-11-15,18:25:58,53.4,       %RH,26.1,  DEGREE C,417,       PPM,2020-11-12T18:25:58
547,12-11-15,18:30:58,53.7,       %RH,26.1,  DEGREE C,429,       PPM,2020-11-12T18:30:58
548,12-11-15,18:35:58,53.8,       %RH,26.1,  DEGREE C,433,       PPM,2020-11-12T18:35:58
549,12-11-15,18:40:58,53.9,       %RH,26.1,  DEGREE C,419,       PPM,2020-11-12T18:40:58
550,12-11-15,18:45:58,53.9,       %RH,26,  DEGREE C,425,       PPM,2020-11-12T18:45:58
551,12-11-15,18:50:58,53.8,       %RH,26,  DEGREE C,431,       PPM,2020-11-12T18:50:58
552,12-11-15,18:55:58,53.7,       %RH,26,  DEGREE C,435,       PPM,2020-11-12T18:55:58
553,12-11-15,19:00:58,53.6,       %RH,26,  DEGREE C,438,       PPM,2020-11-12T19:00:58
554,12-11-15,19:05:58,53.5,       %RH,26,  DEGREE C,453,       PPM,2020-11-12T19:05:58
555,12-11-15,19:10:58,53.6,       %RH,26,  DEGREE C,449,       PPM,2020-11-12T19:10:58
556,12-11-15,19:15:58,53.7,       %RH,26,  DEGREE C,437,       PPM,2020-11-12T19:15:58
557,12-11-15,19:20:58,53.7,       %RH,25.9,  DEGREE C,439,       PPM,2020-11-12T19:20:58
558,12-11-15,19:25:58,53.8,       %RH,25.9,  DEGREE C,436,       PPM,2020-11-12T19:25:58
559,12-11-15,19:30:58,53.9,       %RH,25.9,  DEGREE C,437,       PPM,2020-11-12T19:30:58
560,12-11-15,19:35:58,53.9,       %RH,25.9,  DEGREE C,446,       PPM,2020-11-12T19:35:58
561,12-11-15,19:40:58,54,       %RH,25.9,  DEGREE C,430,       PPM,2020-11-12T19:40:58
562,12-11-15,19:45:58,54,       %RH,25.9,  DEGREE C,441,       PPM,2020-11-12T19:45:58
563,12-11-15,19:50:58,54.1,       %RH,25.9,  DEGREE C,440,       PPM,2020-11-12T19:50:58
564,12-11-15,19:55:58,54.2,       %RH,25.9,  DEGREE C,431,       PPM,2020-11-12T19:55:58
565,12-11-15,20:00:58,54.4,       %RH,25.9,  DEGREE C,442,       PPM,2020-11-12T20:00:58
566,12-11-15,20:05:58,54.4,       %RH,25.8,  DEGREE C,454,       PPM,2020-11-12T20:05:58
567,12-11-15,20:10:58,54.4,       %RH,25.8,  DEGREE C,453,       PPM,2020-11-12T20:10:58
568,12-11-15,20:15:58,54.4,       %RH,25.8,  DEGREE C,463,       PPM,2020-11-12T20:15:58
569,12-11-15,20:20:58,54.3,       %RH,25.8,  DEGREE C,469,       PPM,2020-11-12T20:20:58
570,12-11-15,20:25:58,54.1,       %RH,25.8,  DEGREE C,461,       PPM,2020-11-12T20:25:58
571,12-11-15,20:30:58,54,       %RH,25.8,  DEGREE C,456,       PPM,2020-11-12T20:30:58
572,12-11-15,20:35:58,53.9,       %RH,25.8,  DEGREE C,468,       PPM,2020-11-12T20:35:58
573,12-11-15,20:40:58,53.9,       %RH,25.8,  DEGREE C,459,       PPM,2020-11-12T20:40:58
574,12-11-15,20:45:58,53.9,       %RH,25.7,  DEGREE C,450,       PPM,2020-11-12T20:45:58
575,12-11-15,20:50:58,53.8,       %RH,25.7,  DEGREE C,432,       PPM,2020-11-12T20:50:58
576,12-11-15,20:55:58,53.9,       %RH,25.7,  DEGREE C,439,       PPM,2020-11-12T20:55:58
577,12-11-15,21:00:58,54.2,       %RH,25.7,  DEGREE C,451,       PPM,2020-11-12T21:00:58
578,12-11-15,21:05:58,54.6,       %RH,26.1,  DEGREE C,632,       PPM,2020-11-12T21:05:58
579,12-11-15,21:10:58,54.2,       %RH,26.2,  DEGREE C,700,       PPM,2020-11-12T21:10:58
580,12-11-15,21:15:58,53.9,       %RH,26.3,  DEGREE C,722,       PPM,2020-11-12T21:15:58
581,12-11-15,21:20:58,53.8,       %RH,26.4,  DEGREE C,741,       PPM,2020-11-12T21:20:58
582,12-11-15,21:25:58,53.6,       %RH,26.5,  DEGREE C,726,       PPM,2020-11-12T21:25:58
583,12-11-15,21:30:58,53.6,       %RH,26.5,  DEGREE C,745,       PPM,2020-11-12T21:30:58
584,12-11-15,21:35:58,53.6,       %RH,26.6,  DEGREE C,762,       PPM,2020-11-12T21:35:58
585,12-11-15,21:40:58,53.5,       %RH,26.5,  DEGREE C,677,       PPM,2020-11-12T21:40:58
586,12-11-15,21:45:58,53.4,       %RH,26.6,  DEGREE C,687,       PPM,2020-11-12T21:45:58
587,12-11-15,21:50:58,53.4,       %RH,26.5,  DEGREE C,673,       PPM,2020-11-12T21:50:58
588,12-11-15,21:55:58,53.6,       %RH,26.4,  DEGREE C,665,       PPM,2020-11-12T21:55:58
589,12-11-15,22:00:58,53.8,       %RH,26.4,  DEGREE C,694,       PPM,2020-11-12T22:00:58
590,12-11-15,22:05:58,53.9,       %RH,26.3,  DEGREE C,741,       PPM,2020-11-12T22:05:58
591,12-11-15,22:10:58,54.2,       %RH,26.3,  DEGREE C,790,       PPM,2020-11-12T22:10:58
592,12-11-15,22:15:58,54.2,       %RH,26.2,  DEGREE C,831,       PPM,2020-11-12T22:15:58
593,12-11-15,22:20:58,54.3,       %RH,26.2,  DEGREE C,790,       PPM,2020-11-12T22:20:58
594,12-11-15,22:25:58,54.2,       %RH,26.2,  DEGREE C,878,       PPM,2020-11-12T22:25:58
595,12-11-15,22:30:58,54.3,       %RH,26.2,  DEGREE C,897,       PPM,2020-11-12T22:30:58
596,12-11-15,22:35:58,54.3,       %RH,26.2,  DEGREE C,875,       PPM,2020-11-12T22:35:58
597,12-11-15,22:40:58,54.2,       %RH,26.2,  DEGREE C,830,       PPM,2020-11-12T22:40:58
598,12-11-15,22:45:58,54.3,       %RH,26.2,  DEGREE C,848,       PPM,2020-11-12T22:45:58
599,12-11-15,22:50:58,54.3,       %RH,26.2,  DEGREE C,840,       PPM,2020-11-12T22:50:58
600,12-11-15,22:55:58,54.2,       %RH,26.2,  DEGREE C,817,       PPM,2020-11-12T22:55:58
601,12-11-15,23:00:58,53.9,       %RH,26.2,  DEGREE C,634,       PPM,2020-11-12T23:00:58
602,12-11-15,23:05:58,54,       %RH,26,  DEGREE C,604,       PPM,2020-11-12T23:05:58
603,12-11-15,23:10:58,53.9,       %RH,26.1,  DEGREE C,615,       PPM,2020-11-12T23:10:58
604,12-11-15,23:15:58,54,       %RH,26.1,  DEGREE C,615,       PPM,2020-11-12T23:15:58
605,12-11-15,23:20:58,53.9,       %RH,26.1,  DEGREE C,625,       PPM,2020-11-12T23:20:58
606,12-11-15,23:25:58,54,       %RH,26.1,  DEGREE C,624,       PPM,2020-11-12T23:25:58
607,12-11-15,23:30:58,54.1,       %RH,26.1,  DEGREE C,646,       PPM,2020-11-12T23:30:58
608,12-11-15,23:35:58,54.1,       %RH,26.1,  DEGREE C,653,       PPM,2020-11-12T23:35:58
609,12-11-15,23:40:58,54.2,       %RH,26,  DEGREE C,648,       PPM,2020-11-12T23:40:58
610,12-11-15,23:45:58,54,       %RH,26,  DEGREE C,625,       PPM,2020-11-12T23:45:58
611,12-11-15,23:50:58,54.2,       %RH,26,  DEGREE C,635,       PPM,2020-11-12T23:50:58
612,12-11-15,23:55:58,54.3,       %RH,26,  DEGREE C,685,       PPM,2020-11-12T23:55:58
613,13-11-15,00:00:58,54.2,       %RH,26,  DEGREE C,672,       PPM,2020-11-13T00:00:58
614,13-11-15,00:05:58,54.3,       %RH,25.9,  DEGREE C,681,       PPM,2020-11-13T00:05:58
615,13-11-15,00:10:58,54.2,       %RH,25.9,  DEGREE C,671,       PPM,2020-11-13T00:10:58
616,13-11-15,00:15:58,54.2,       %RH,25.9,  DEGREE C,663,       PPM,2020-11-13T00:15:58
617,13-11-15,00:20:58,54.3,       %RH,25.9,  DEGREE C,652,       PPM,2020-11-13T00:20:58
618,13-11-15,00:25:58,54.3,       %RH,25.9,  DEGREE C,653,       PPM,2020-11-13T00:25:58
619,13-11-15,00:30:58,54.3,       %RH,25.8,  DEGREE C,648,       PPM,2020-11-13T00:30:58
620,13-11-15,00:35:58,54.3,       %RH,25.8,  DEGREE C,618,       PPM,2020-11-13T00:35:58
621,13-11-15,00:40:58,54.4,       %RH,25.8,  DEGREE C,667,       PPM,2020-11-13T00:40:58
622,13-11-15,00:45:58,54.4,       %RH,25.7,  DEGREE C,646,       PPM,2020-11-13T00:45:58
623,13-11-15,00:50:58,54.4,       %RH,25.7,  DEGREE C,668,       PPM,2020-11-13T00:50:58
624,13-11-15,00:55:58,54.4,       %RH,25.7,  DEGREE C,650,       PPM,2020-11-13T00:55:58
625,13-11-15,01:00:58,54.5,       %RH,25.7,  DEGREE C,638,       PPM,2020-11-13T01:00:58
626,13-11-15,01:05:58,54.6,       %RH,25.6,  DEGREE C,613,       PPM,2020-11-13T01:05:58
627,13-11-15,01:10:58,54.6,       %RH,25.6,  DEGREE C,621,       PPM,2020-11-13T01:10:58
628,13-11-15,01:15:58,54.5,       %RH,25.6,  DEGREE C,640,       PPM,2020-11-13T01:15:58
629,13-11-15,01:20:58,54.6,       %RH,25.6,  DEGREE C,628,       PPM,2020-11-13T01:20:58
630,13-11-15,01:25:58,54.6,       %RH,25.5,  DEGREE C,632,       PPM,2020-11-13T01:25:58
631,13-11-15,01:30:58,54.6,       %RH,25.5,  DEGREE C,650,       PPM,2020-11-13T01:30:58
632,13-11-15,01:35:58,54.5,       %RH,25.5,  DEGREE C,648,       PPM,2020-11-13T01:35:58
633,13-11-15,01:40:58,54.6,       %RH,25.5,  DEGREE C,645,       PPM,2020-11-13T01:40:58
634,13-11-15,01:45:58,54.7,       %RH,25.5,  DEGREE C,643,       PPM,2020-11-13T01:45:58
635,13-11-15,01:50:58,54.6,       %RH,25.4,  DEGREE C,635,       PPM,2020-11-13T01:50:58
636,13-11-15,01:55:58,54.7,       %RH,25.4,  DEGREE C,637,       PPM,2020-11-13T01:55:58
637,13-11-15,02:00:58,54.7,       %RH,25.4,  DEGREE C,656,       PPM,2020-11-13T02:00:58
638,13-11-15,02:05:58,54.8,       %RH,25.4,  DEGREE C,637,       PPM,2020-11-13T02:05:58
639,13-11-15,02:10:58,54.8,       %RH,25.4,  DEGREE C,620,       PPM,2020-11-13T02:10:58
640,13-11-15,02:15:58,54.8,       %RH,25.3,  DEGREE C,631,       PPM,2020-11-13T02:15:58
641,13-11-15,02:20:58,54.8,       %RH,25.3,  DEGREE C,641,       PPM,2020-11-13T02:20:58
642,13-11-15,02:25:58,54.9,       %RH,25.3,  DEGREE C,631,       PPM,2020-11-13T02:25:58
643,13-11-15,02:30:58,55,       %RH,25.3,  DEGREE C,641,       PPM,2020-11-13T02:30:58
644,13-11-15,02:35:58,54.9,       %RH,25.2,  DEGREE C,632,       PPM,2020-11-13T02:35:58
645,13-11-15,02:40:58,54.9,       %RH,25.2,  DEGREE C,650,       PPM,2020-11-13T02:40:58
646,13-11-15,02:45:58,54.9,       %RH,25.2,  DEGREE C,630,       PPM,2020-11-13T02:45:58
647,13-11-15,02:50:58,54.9,       %RH,25.2,  DEGREE C,636,       PPM,2020-11-13T02:50:58
648,13-11-15,02:55:58,54.9,       %RH,25.2,  DEGREE C,641,       PPM,2020-11-13T02:55:58
649,13-11-15,03:00:58,54.9,       %RH,25.2,  DEGREE C,632,       PPM,2020-11-13T03:00:58
650,13-11-15,03:05:58,54.9,       %RH,25.1,  DEGREE C,642,       PPM,2020-11-13T03:05:58
651,13-11-15,03:10:58,54.9,       %RH,25.1,  DEGREE C,628,       PPM,2020-11-13T03:10:58
652,13-11-15,03:15:58,55,       %RH,25.1,  DEGREE C,640,       PPM,2020-11-13T03:15:58
653,13-11-15,03:20:58,55,       %RH,25.1,  DEGREE C,624,       PPM,2020-11-13T03:20:58
654,13-11-15,03:25:58,55,       %RH,25,  DEGREE C,615,       PPM,2020-11-13T03:25:58
655,13-11-15,03:30:58,55.1,       %RH,25,  DEGREE C,611,       PPM,2020-11-13T03:30:58
656,13-11-15,03:35:58,55.1,       %RH,25,  DEGREE C,602,       PPM,2020-11-13T03:35:58
657,13-11-15,03:40:58,55.1,       %RH,25,  DEGREE C,596,       PPM,2020-11-13T03:40:58
658,13-11-15,03:45:58,55.2,       %RH,25,  DEGREE C,603,       PPM,2020-11-13T03:45:58
659,13-11-15,03:50:58,55.2,       %RH,25,  DEGREE C,622,       PPM,2020-11-13T03:50:58
660,13-11-15,03:55:58,55.2,       %RH,24.9,  DEGREE C,626,       PPM,2020-11-13T03:55:58
661,13-11-15,04:00:58,55.2,       %RH,24.9,  DEGREE C,603,       PPM,2020-11-13T04:00:58
662,13-11-15,04:05:58,55.3,       %RH,24.8,  DEGREE C,624,       PPM,2020-11-13T04:05:58
663,13-11-15,04:10:58,55.3,       %RH,24.9,  DEGREE C,602,       PPM,2020-11-13T04:10:58
664,13-11-15,04:15:58,55.3,       %RH,24.9,  DEGREE C,592,       PPM,2020-11-13T04:15:58
665,13-11-15,04:20:58,55.4,       %RH,24.9,  DEGREE C,616,       PPM,2020-11-13T04:20:58
666,13-11-15,04:25:58,55.5,       %RH,24.8,  DEGREE C,612,       PPM,2020-11-13T04:25:58
667,13-11-15,04:30:58,55.4,       %RH,24.8,  DEGREE C,582,       PPM,2020-11-13T04:30:58
668,13-11-15,04:35:58,55.5,       %RH,24.8,  DEGREE C,598,       PPM,2020-11-13T04:35:58
669,13-11-15,04:40:58,55.5,       %RH,24.8,  DEGREE C,584,       PPM,2020-11-13T04:40:58
670,13-11-15,04:45:58,55.6,       %RH,24.8,  DEGREE C,598,       PPM,2020-11-13T04:45:58
671,13-11-15,04:50:58,55.6,       %RH,24.8,  DEGREE C,585,       PPM,2020-11-13T04:50:58
672,13-11-15,04:55:58,55.7,       %RH,24.7,  DEGREE C,600,       PPM,2020-11-13T04:55:58
673,13-11-15,05:00:58,55.7,       %RH,24.7,  DEGREE C,606,       PPM,2020-11-13T05:00:58
674,13-11-15,05:05:58,55.7,       %RH,24.7,  DEGREE C,583,       PPM,2020-11-13T05:05:58
675,13-11-15,05:10:58,55.8,       %RH,24.7,  DEGREE C,602,       PPM,2020-11-13T05:10:58
676,13-11-15,05:15:58,55.8,       %RH,24.7,  DEGREE C,600,       PPM,2020-11-13T05:15:58
677,13-11-15,05:20:58,55.8,       %RH,24.6,  DEGREE C,585,       PPM,2020-11-13T05:20:58
678,13-11-15,05:25:58,55.9,       %RH,24.7,  DEGREE C,596,       PPM,2020-11-13T05:25:58
679,13-11-15,05:30:58,56,       %RH,24.6,  DEGREE C,592,       PPM,2020-11-13T05:30:58
680,13-11-15,05:35:58,56,       %RH,24.6,  DEGREE C,592,       PPM,2020-11-13T05:35:58
681,13-11-15,05:40:58,56,       %RH,24.6,  DEGREE C,588,       PPM,2020-11-13T05:40:58
682,13-11-15,05:45:58,56.1,       %RH,24.6,  DEGREE C,588,       PPM,2020-11-13T05:45:58
683,13-11-15,05:50:58,56.2,       %RH,24.6,  DEGREE C,612,       PPM,2020-11-13T05:50:58
684,13-11-15,05:55:58,56.3,       %RH,24.6,  DEGREE C,594,       PPM,2020-11-13T05:55:58
685,13-11-15,06:00:58,56.3,       %RH,24.5,  DEGREE C,615,       PPM,2020-11-13T06:00:58
686,13-11-15,06:05:58,56.4,       %RH,24.6,  DEGREE C,613,       PPM,2020-11-13T06:05:58
687,13-11-15,06:10:58,56.5,       %RH,24.5,  DEGREE C,604,       PPM,2020-11-13T06:10:58
688,13-11-15,06:15:58,56.6,       %RH,24.5,  DEGREE C,567,       PPM,2020-11-13T06:15:58
689,13-11-15,06:20:58,56.5,       %RH,24.5,  DEGREE C,568,       PPM,2020-11-13T06:20:58
690,13-11-15,06:25:58,56.5,       %RH,24.5,  DEGREE C,513,       PPM,2020-11-13T06:25:58
691,13-11-15,06:30:58,56.5,       %RH,24.5,  DEGREE C,496,       PPM,2020-11-13T06:30:58
692,13-11-15,06:35:58,56.4,       %RH,24.5,  DEGREE C,498,       PPM,2020-11-13T06:35:58
693,13-11-15,06:40:58,56.3,       %RH,24.5,  DEGREE C,487,       PPM,2020-11-13T06:40:58
694,13-11-15,06:45:58,56.3,       %RH,24.5,  DEGREE C,507,       PPM,2020-11-13T06:45:58
695,13-11-15,06:50:58,56.2,       %RH,24.5,  DEGREE C,458,       PPM,2020-11-13T06:50:58
696,13-11-15,06:55:58,55.9,       %RH,24.5,  DEGREE C,471,       PPM,2020-11-13T06:55:58
697,13-11-15,07:00:58,55.8,       %RH,24.5,  DEGREE C,451,       PPM,2020-11-13T07:00:58
698,13-11-15,07:05:58,55.8,       %RH,24.5,  DEGREE C,464,       PPM,2020-11-13T07:05:58
699,13-11-15,07:10:58,55.9,       %RH,24.5,  DEGREE C,473,       PPM,2020-11-13T07:10:58
700,13-11-15,07:15:58,55.7,       %RH,24.5,  DEGREE C,459,       PPM,2020-11-13T07:15:58
701,13-11-15,07:20:58,55.6,       %RH,24.6,  DEGREE C,483,       PPM,2020-11-13T07:20:58
702,13-11-15,07:25:58,55.5,       %RH,24.6,  DEGREE C,472,       PPM,2020-11-13T07:25:58
703,13-11-15,07:30:58,55.5,       %RH,24.6,  DEGREE C,457,       PPM,2020-11-13T07:30:58
704,13-11-15,07:35:58,55.6,       %RH,24.6,  DEGREE C,461,       PPM,2020-11-13T07:35:58
705,13-11-15,07:40:58,55.6,       %RH,24.6,  DEGREE C,474,       PPM,2020-11-13T07:40:58
706,13-11-15,07:45:58,55.6,       %RH,24.6,  DEGREE C,464,       PPM,2020-11-13T07:45:58
707,13-11-15,07:50:58,55.5,       %RH,24.6,  DEGREE C,456,       PPM,2020-11-13T07:50:58
708,13-11-15,07:55:58,55.6,       %RH,24.6,  DEGREE C,466,       PPM,2020-11-13T07:55:58
709,13-11-15,08:00:58,55.5,       %RH,24.6,  DEGREE C,468,       PPM,2020-11-13T08:00:58
710,13-11-15,08:05:58,55.4,       %RH,24.6,  DEGREE C,470,       PPM,2020-11-13T08:05:58
711,13-11-15,08:10:58,55.5,       %RH,24.6,  DEGREE C,488,       PPM,2020-11-13T08:10:58
712,13-11-15,08:15:58,55.6,       %RH,24.6,  DEGREE C,469,       PPM,2020-11-13T08:15:58
713,13-11-15,08:20:58,55.5,       %RH,24.6,  DEGREE C,488,       PPM,2020-11-13T08:20:58
714,13-11-15,08:25:58,55.4,       %RH,24.7,  DEGREE C,473,       PPM,2020-11-13T08:25:58
715,13-11-15,08:30:58,55.3,       %RH,24.7,  DEGREE C,471,       PPM,2020-11-13T08:30:58
716,13-11-15,08:35:58,55.4,       %RH,24.7,  DEGREE C,492,       PPM,2020-11-13T08:35:58
